isic_id,target
ISIC_0015657,0.002071838127449155
ISIC_0015729,0.00197793310508132
ISIC_0015740,0.002073913346976042
